"","Occurence","nb_effet","effet_type_F","coef_mean","coef_type_F_95inf","coef_type_F_95sup","AIC_envir_mean","AIC_envir_95inf","AIC_envir_95sup","AIC_type_F_mean","AIC_type_F_95inf","AIC_type_F_95sup","diff_mean","diff_95"
"1",43,0,0,-0.287203872787273,-0.579434657290473,0.174327192317782,274.288938934689,270.663126902255,279.757028749582,275.828748369575,271.707109820359,281.308039257436,-1.53980943488568,-1.92742242348148
"2",176,0,0,0.0536152535088635,-0.313208650491549,0.398419326391924,652.004562293677,645.096160825788,662.353725041355,653.600617849435,646.730071514627,664.320502737068,-1.59605555575757,-1.99770690254563
"3",145,2,0,-0.684530314896644,-1.02759506626754,-0.313566058371069,577.900132188191,562.345914043323,595.485643310043,575.553039385556,559.244359237808,594.3537792554,2.34709280263515,-0.502576146338276
"4",23,0,0,0.655080405241545,0.15749529019906,1.0108666890839,160.530610588128,153.940648475758,165.859261060375,161.729629417738,155.453585282168,166.728020696335,-1.19901882960965,-1.87941391647895
"5",38,0,0,0.0884829166689019,-0.32591940427397,0.404893478722389,266.606906973559,262.17125152981,272.695581425019,268.432572062844,263.972750546863,274.559686724387,-1.8256650892853,-1.9979375895979
"6",128,1,0,0.539758451052518,0.250784682336025,0.933354241954693,557.862659956489,548.368840450461,564.89162376789,557.259027396699,549.061421733016,564.819720708862,0.603632559790219,-1.48834798338806
"7",23,0,0,0.0757541204732983,-0.501487527664676,1.04900241431526,130.015161260263,121.325282482948,139.676223857853,131.855375659639,123.289087568847,141.665928020546,-1.84021439937633,-1.99948855361128
