"","Occurence","nb_effet","effet_type_F","coef_mean","coef_type_F_95inf","coef_type_F_95sup","AIC_envir_mean","AIC_envir_95inf","AIC_envir_95sup","AIC_type_F_mean","AIC_type_F_95inf","AIC_type_F_95sup","diff_mean","diff_95"
"1",73,0,0,0.45312788419024,0.241855470022541,0.679144844887544,393.14289002697,385.242368194674,403.305089286129,393.095676279569,384.731930262577,403.616063441835,0.0472137474007894,-1.17400182651671
"2",81,0,0,-0.0726424531324283,-0.435770606339935,0.106218040843131,392.66513505848,373.093894399406,406.795320149598,394.434845995526,375.006557636057,408.703999778282,-1.76971093704658,-1.99485504871192
"3",210,2,0,0.439354659992646,0.269987487076093,0.657601475754989,665.702825583337,653.575931746973,679.037116496574,663.482640742403,652.701453832721,677.882360288012,2.22018484093419,-0.0634411529905092
"4",32,0,0,-0.277506534102018,-0.544967893850074,0.0660545809655903,210.05396612427,202.061267659038,215.798625892293,211.563639189059,203.901900213038,217.537602714949,-1.50967306478892,-1.95366842003129
"5",25,0,0,0.412565678456258,0.185629530052703,0.63789938467839,192.755750292136,189.864365952485,195.80673949196,193.988337233325,190.742799674367,196.80269606146,-1.23258694118944,-1.86354910534815
"6",96,0,0,0.338145590638847,0.137524093819828,0.584703094735116,434.331930393439,405.593445848738,453.441326873555,434.79502385724,406.117493412688,454.679562411897,-0.463093463800743,-1.54182737465615
"7",86,0,0,-0.351567102935753,-0.652485147126576,-0.0748389842819465,387.89223429851,372.364453865612,402.206465593609,388.259927327604,373.983303478396,402.878415204516,-0.367693029093994,-1.89872563384909
"8",54,0,0,-0.345291165225337,-0.606783471451775,-0.125419658007834,301.045103803099,290.501744246308,312.1970067166,302.025480086707,291.391505217131,313.619569174047,-0.980376283607723,-1.87829384377007
