"","Occurence","nb_effet","effet_type_F","coef_mean","coef_type_F_95inf","coef_type_F_95sup","AIC_envir_mean","AIC_envir_95inf","AIC_envir_95sup","AIC_type_F_mean","AIC_type_F_95inf","AIC_type_F_95sup","diff_mean","diff_95"
"1",25,0,0,-0.459540565788626,-0.773046718417544,-0.273306446524017,194.835793578103,186.844139079158,199.465952631958,195.924842404765,188.23310389405,201.040460651572,-1.08904882666182,-1.58402100688497
"2",144,0,0,0.191589759528524,-0.0202353612223331,0.344181706093495,715.231513085193,703.547988955219,723.155798199131,716.215478006115,704.982744246777,723.799842347211,-0.98396492092196,-1.81463683136439
"3",26,0,0,-0.139259479426216,-0.273688255358904,0.0911999756073103,226.497717713933,222.101329304551,228.738621938025,228.313142901295,224.068400320132,230.481778784719,-1.81542518736172,-1.99489503546567
"4",30,0,0,0.190054434687481,-0.198304980093653,0.441456354186627,231.586505091789,222.042024835238,236.809717459779,233.215956708577,223.91749389167,238.389008571673,-1.62945161678762,-1.94388829272527
"5",63,0,0,-0.147780377430006,-0.423044934735378,0.0443147862050777,412.476681471215,404.14754025853,417.045145501683,414.019217384592,404.699968041649,418.837494437738,-1.54253591337697,-1.99952814990306
"6",20,0,0,1.3102190762832,0.81635477064187,1.64523352395358,133.806824300077,126.369759480148,139.473765156539,132.458825552235,124.507480867933,138.172635635886,1.34799874784224,-0.170402874275794
"7",291,1,0,-0.193481255389907,-0.449965512569767,0.0444846549645289,974.760954145996,959.73012491318,989.895965296666,974.997912215815,959.452138348708,991.834044732223,-0.236958069819684,-1.92698997482351
"8",172,14,0,0.576701693606189,0.420629683741621,0.721562420532728,795.470762072151,786.396764378136,804.527570991574,789.201771155764,778.579330721798,800.179800125088,6.26899091638631,2.71581919433083
"9",95,1,0,-0.50494111541923,-0.692191806493064,-0.324850469130076,480.893462669833,473.933936872021,493.603073521282,479.06327345206,471.237160543354,491.404445695798,1.83018921777289,-0.0810464414943111
